{
  "Model": [
    "all-MiniLM-L6-v2"
  ],
  "Model Size (MB)": [
    86.67845249176025
  ],
  "Score": [
    0.5057898558837041
  ],
  "q8 Model Size (MB)": [
    21.908215522766113
  ],
  "q8 Score": [
    0.48741800571641297
  ]
}