{
  "Model": [
    "all-MiniLM-L6-v2"
  ],
  "Model Size (MB)": [
    86.67845249176025
  ],
  "Score": [
    5
  ],
  "q8 Model Size (MB)": [
    55.91230869293213
  ],
  "q8 Score": [
    0.26228089622461903
  ]
}
